,zone,src,dest,distance
0,zone-52,1353600,1391144,6.962464156397947
0,zone-52,1372364,1391211,7.978515295150088
0,zone-52,1391144,1353600,6.962464156397947
0,zone-52,1391211,1372364,7.978515295150088
